week_start,pessimistic,baseline,optimistic
2017-08-28,601.4,751.7,902.1
2017-09-04,607.5,759.4,911.3
2017-09-11,618.8,773.6,928.3
2017-09-18,617.1,771.4,925.7
2017-09-25,634.4,793.0,951.5
2017-10-02,637.3,796.6,955.9
2017-10-09,669.8,837.3,1004.7
2017-10-16,665.7,832.1,998.6
2017-10-23,642.9,803.6,964.3
2017-10-30,612.7,765.8,919.0
2017-11-06,559.9,699.9,839.9
2017-11-13,534.4,668.0,801.6
2017-11-20,499.1,623.9,748.6
2017-11-27,464.6,580.8,697.0
2017-12-04,466.0,582.5,699.1
2017-12-11,454.0,567.5,681.0
2017-12-18,424.8,531.0,637.2
2017-12-25,438.8,548.4,658.1
2018-01-01,429.6,537.0,644.4
2018-01-08,441.2,551.5,661.8
2018-01-15,463.9,579.9,695.8
2018-01-22,471.3,589.2,707.0
2018-01-29,498.1,622.6,747.1
2018-02-05,531.5,664.4,797.3
2018-02-12,540.8,676.0,811.2
2018-02-19,587.2,733.9,880.7
